{"cameraMode":{"drawMode":0,"name":"Shaded","section":"Shading Mode"},"sceneLighting":false,"audioPlay":false,"sceneViewState":{"showFog":true,"showMaterialUpdate":false,"showSkybox":false,"showFlares":true,"showImageEffects":true,"showParticleSystems":true},"in2DMode":false,"pivot":{"x":2.980232238769531e-7,"y":-1.399999976158142,"z":3.0254364013671877},"rotation":{"x":-0.08415722101926804,"y":-0.035268958657979968,"z":0.0029966665897518398,"w":-0.9958392977714539},"size":0.5959235429763794,"orthographic":false}