{"cameraMode":{"drawMode":0,"name":"Shaded","section":"Shading Mode"},"sceneLighting":false,"audioPlay":false,"sceneViewState":{"showFog":true,"showMaterialUpdate":false,"showSkybox":false,"showFlares":true,"showImageEffects":true,"showParticleSystems":true},"in2DMode":false,"pivot":{"x":2.980232238769531e-7,"y":-1.399999976158142,"z":3.024571180343628},"rotation":{"x":-0.13145916163921357,"y":0.7495326399803162,"z":-0.15646827220916749,"w":-0.6296548843383789},"size":0.5986701846122742,"orthographic":false}